{"_runtime":135.280153373,"_step":2,"_wandb":{"runtime":151},"epoch loss":13.527110656102499,"steps":24,"Epoch":2,"_timestamp":1.7390149293865845e+09}