{"steps":24,"_wandb":{"runtime":273},"Epoch":2,"_timestamp":1.7390025807587347e+09,"_runtime":226.532566385,"_step":2,"epoch loss":1.1141640519102414}